,Digital price list - full cost only,,,,,,,,,,,,,,,,,,,,,,,,,,,,,,,,,,,,,,,,,,,,,,,,,,,,,,,
,,,,,,,,,,,,,,,,,,,,,,,,,,,,,,,,,,,,,,,,,,,,,,,,,,,,,,,,
,Sides printed,,,,,,,,,,,,,1,,,,,,,,,,,,,,,,,,,,,,,,,,,,,,,,,,,,,,,,,,
,Finishing,,,,,,,,,,,,,C/C & glued,,,,,,,,,,,,,,,,,,,,,,,,,,,,,,,,,,,,,,,,,,
,Gluing style,,,,,,,,,,,,,Easy,,,,,,,,,,,,,,,,,,,,,,,,,,,,,,,,,,,,,,,,,,
,,,,,,,,,,,,,,,,,,,,,,,,,,,,,,,,,,,,,,,,,,,,,,,,,,,,,,,,
,DIGITAL - 395um INVERCOTE G GLUED,,,,,,,,,,,,,,,,,,,73088,,,,,,,,,,,,,,,,,,,,,,,,,,,,,,,,,,,,
,,,,,,,,,,,,,,,,,,,,,,,,,,,,,,,,,,,,,,,,,,,,,,,,,,,,,,,,
C/C DIE,Number up,1,5,10,15,20,25,40,50,75,100,,200, 250 , 300 , 400 , 500 , 600 , 750 ," 1,000 "," 1,500 "," 2,000 "," 2,500 "," 3,000 "," 3,500 "," 4,000 "," 4,500 "," 5,000 ",5500,6000,6500,7000,7500,8000,8500,9000,9500,10000,12000,12500,13000,13500,14000,15000,17000,17500,18000,20000,25000,30000,35000,40000,,50000,60000,
250,1,,,œ564.98,,,,œ573.62,,,œ587.24,,œ629.38,œ653.80,œ675.60,œ722.71,œ765.80,,œ884.80,"œ1,003.80","œ1,247.40","œ1,486.80","œ1,727.60","œ1,971.20","œ2,210.60","œ2,451.40","œ2,695.00","œ2,935.80",œ0.00,"œ3,417.43",œ0.00,"œ3,900.25",œ0.00,"œ4,383.89",œ0.00,œ0.00,œ0.00,"œ5,347.15","œ6,385.13",œ0.00,,,,"œ7,828.94","œ8,896.80",œ0.00,"œ9,385.59","œ10,243.18",,,,0,,,,
275,2,,,,,,,,,,œ0.00,,œ0.00,œ599.20,œ0.00,œ0.00,œ642.60,,œ702.80,œ760.20,œ879.20,"œ1,003.80","œ1,127.00","œ1,250.20","œ1,376.20","œ1,498.00","œ1,622.60","œ1,744.40",#VALUE!,œ0.00,œ0.00,"œ2,251.27",œ0.00,œ0.00,œ0.00,œ0.00,œ0.00,"œ2,983.36","œ3,515.68",œ0.00,,,"œ4,059.80","œ4,309.49",,œ0.00,,"œ5,586.34",,,,0,,,0,
300,3,,,,,œ582.82,,,œ586.29,,œ0.00,,œ0.00,œ603.40,œ0.00,œ0.00,œ625.80,,œ658.00,œ697.20,œ781.20,œ861.00,œ943.60,"œ1,029.00","œ1,115.80","œ1,202.60","œ1,286.60","œ1,370.60",œ0.00,"œ1,543.42",œ0.00,œ0.00,œ0.00,œ0.00,œ0.00,"œ2,064.58",œ0.00,"œ2,237.09",,œ0.00,,,,œ0.00,,œ0.00,"œ3,679.09","œ5,555.23",,œ0.00,,,,,,
325,4,,,,,œ599.23,,,œ602.90,,œ0.00,,œ0.00,œ617.40,œ620.35,œ0.00,œ350.00,,œ653.80,œ676.20,œ740.60,œ805.00,œ865.20,œ928.20,œ996.80,"œ1,064.00","œ1,131.20","œ1,194.20",œ0.00,œ0.00,œ0.00,#VALUE!,œ0.00,œ0.00,œ0.00,œ0.00,œ0.00,"œ1,867.54",,œ0.00,,,,"œ2,613.53",,œ0.00,,œ0.00,,,,,,,,
350,5,,,,,,,,,,œ0.00,,œ0.00,œ632.80,œ0.00,œ0.00,œ648.20,,œ663.60,œ679.00,œ726.60,œ777.00,œ828.80,œ883.40,œ935.20,œ988.40,"œ1,043.00","œ1,097.60",œ0.00,œ0.00,œ0.00,œ0.00,œ0.00,œ0.00,œ0.00,œ0.00,œ0.00,œ0.00,,œ0.00,,,,œ0.00,,œ0.00,,œ0.00,,,,,,,,
375,6,,,,,,,,,,œ0.00,,œ0.00,œ649.60,œ0.00,œ0.00,œ663.60,,œ677.60,œ690.20,œ722.40,œ765.80,œ810.60,œ855.40,œ903.00,œ947.80,œ992.60,"œ1,038.80",œ0.00,œ0.00,œ0.00,œ0.00,œ0.00,œ0.00,œ0.00,œ0.00,œ0.00,"œ1,513.69",,œ0.00,,,,"œ2,053.25",,œ0.00,,"œ2,526.93","œ3,011.86",,œ0.00,,,0,,
400,7,,,,,,,,,,œ0.00,,œ0.00,œ667.80,œ0.00,œ0.00,œ679.00,,œ693.00,œ705.60,œ730.80,œ765.80,œ805.00,œ844.20,œ884.80,œ924.00,œ966.00,"œ1,005.20",œ0.00,œ0.00,œ0.00,œ0.00,œ0.00,œ0.00,œ0.00,œ0.00,œ0.00,"œ1,427.41",,œ0.00,,,,œ0.00,,œ0.00,,œ0.00,,,,,,,,
425,8,,,,,,,,,,œ0.00,,œ0.00,œ687.40,œ0.00,œ0.00,œ697.20,,œ709.80,œ719.60,œ744.80,œ767.20,œ805.00,œ840.00,œ739.20,œ914.20,œ949.20,œ985.60,œ0.00,œ0.00,œ0.00,"œ1,134.46",œ0.00,œ0.00,œ0.00,œ0.00,œ0.00,"œ1,365.08",,œ0.00,,,,"œ1,811.56",,œ0.00,"œ2,038.02","œ2,191.39","œ2,570.88","œ3,014.19",,"œ3,785.68",,,,
450,9,,,,,,,,,,œ0.00,,œ0.00,œ0.00,œ0.00,œ0.00,œ0.00,,œ0.00,œ0.00,œ0.00,œ0.00,œ0.00,œ0.00,œ0.00,œ0.00,œ0.00,œ0.00,œ0.00,œ0.00,œ0.00,œ0.00,œ0.00,œ0.00,œ0.00,œ0.00,œ0.00,œ0.00,,œ0.00,,,,"œ1,803.33",,œ0.00,,œ0.00,,,,,"œ4,206.96",,,
475,10,,,,,,,,,,œ0.00,,œ0.00,œ0.00,œ688.16,œ0.00,œ0.00,,œ0.00,œ0.00,œ0.00,œ0.00,œ0.00,œ0.00,œ0.00,œ0.00,œ0.00,œ963.87,œ0.00,œ0.00,œ0.00,œ0.00,œ0.00,œ0.00,œ0.00,œ0.00,œ0.00,"œ1,308.34",,œ0.00,,,,œ0.00,,œ0.00,,œ0.00,,,,,œ0.00,,,
500,11,,,,,,,,,,œ0.00,,œ0.00,œ0.00,œ0.00,œ0.00,œ0.00,,œ0.00,œ0.00,œ0.00,œ0.00,œ0.00,œ0.00,œ0.00,œ0.00,œ0.00,œ0.00,œ0.00,œ0.00,œ0.00,œ0.00,œ0.00,œ0.00,œ0.00,œ0.00,œ0.00,œ0.00,,œ0.00,,,,œ0.00,,œ0.00,,œ0.00,,,,,,,,
525,12,,,,,,,,,,œ0.00,,œ0.00,œ684.04,œ0.00,œ0.00,œ694.08,,œ0.00,œ717.01,œ0.00,œ0.00,œ0.00,œ0.00,œ0.00,œ0.00,œ0.00,œ921.51,œ0.00,œ0.00,œ0.00,œ0.00,œ0.00,œ0.00,œ0.00,œ0.00,œ0.00,"œ1,223.11",,œ0.00,,,,œ0.00,,œ0.00,,œ0.00,,,,,,,,
,,,,,,,,,,,,,,,,,,,,,,,,,,,,,,,,,,,,,,,,,,,,,,,,,,,,,,,,
,DIGITAL - 395um INVERCOTE G UNGLUED,,,,,,,,,,,,,,,,,,,73089,,,,,,,,,,,,,,,,,,,,,,,,,,,,,,,,,,,,
C/C DIE,Number up,1,5,10,15,20,25,40,50,75,100,,200, 250 , 300 , 400 , 500 , 600 , 750 ," 1,000 "," 1,500 "," 2,000 "," 2,500 "," 3,000 "," 3,500 "," 4,000 "," 4,500 "," 5,000 ",5500,6000,6500,7000,7500,8000,8500,9000,9500,10000,12000,12500,13000,13500,,15000,,17500,,20000,,,,40000,,,,
250,1,,,,,,,,,,œ322.15,,,œ446.60,,,œ553.00,,œ663.60,œ777.00,"œ1,009.40","œ1,241.80","œ1,474.20","œ1,706.60","œ1,937.60","œ2,170.00","œ2,402.40","œ2,636.20",œ0.00,œ0.00,œ0.00,œ0.00,œ0.00,œ0.00,œ0.00,œ0.00,œ0.00,"œ4,521.41",,œ0.00,,,,œ0.00,,œ0.00,,œ0.00,,,,,,,,
275,2,,,,,,,,,,,,,œ438.20,,,œ469.00,,œ520.80,œ576.80,œ690.20,œ805.00,œ924.00,"œ1,041.60","œ1,160.60","œ1,278.20","œ1,394.40","œ1,513.40",#VALUE!,œ0.00,œ0.00,œ0.00,œ0.00,œ0.00,œ0.00,œ0.00,œ0.00,œ0.00,,œ0.00,,,,œ0.00,,œ0.00,,œ0.00,,,,"œ9,907.86",,0,,
300,3,,,,,,,,,,,,,œ449.40,,,œ470.40,,œ512.40,œ526.40,œ600.60,œ676.20,œ754.60,œ833.00,œ912.80,"œ1,002.01","œ1,072.40","œ1,152.20",œ0.00,œ0.00,œ0.00,œ0.00,œ0.00,œ0.00,œ0.00,œ0.00,œ0.00,œ0.00,,œ0.00,,,,œ0.00,,œ0.00,,œ0.00,,,,,,,,
325,4,,,,,,,,,,,,,œ464.80,,,œ480.20,,œ497.00,œ512.40,œ567.00,œ624.40,œ683.20,œ742.00,œ800.80,œ861.00,œ924.00,œ984.20,œ0.00,œ0.00,œ0.00,œ0.00,œ0.00,œ0.00,œ0.00,œ0.00,œ0.00,œ0.00,,œ0.00,,,,œ0.00,,œ0.00,,œ0.00,,,,,,,,
350,5,,,,,,,,,,,,,œ483.00,,,œ495.60,,œ509.60,œ522.20,œ555.80,œ603.40,œ649.60,œ697.20,œ743.40,œ791.00,œ838.60,œ890.40,œ0.00,œ0.00,œ0.00,"œ1,090.92",œ0.00,œ0.00,œ0.00,œ0.00,œ0.00,œ0.00,,œ0.00,,,,œ0.00,,œ0.00,,œ0.00,,,,,,,,
375,6,,,,,,,,,,,,,œ501.20,,,œ512.40,,œ523.60,œ534.80,œ557.20,œ595.00,œ634.20,œ673.40,œ712.60,œ751.80,œ793.80,œ834.40,œ0.00,œ0.00,œ0.00,œ0.00,œ0.00,œ0.00,œ0.00,œ0.00,œ0.00,œ0.00,,œ0.00,,,,œ0.00,,œ0.00,,œ0.00,,,,,,,,
400,7,,,,,,,,,,,,,œ519.40,,,œ530.60,,œ540.40,œ550.20,œ569.80,œ595.00,œ630.00,œ663.60,œ697.20,œ732.20,œ767.20,œ803.60,œ0.00,œ0.00,œ0.00,œ0.00,œ0.00,œ0.00,œ0.00,œ0.00,œ0.00,œ0.00,,œ0.00,,,,œ0.00,,œ0.00,,œ0.00,,,,,,,,
425,8,,,,,,,,,,,,,œ539.00,,,œ548.80,,œ557.20,œ565.60,œ583.80,œ602.00,œ630.00,œ659.40,œ693.00,œ722.40,œ754.60,œ784.00,œ0.00,œ0.00,œ0.00,œ0.00,œ0.00,œ980.94,œ0.00,œ0.00,œ0.00,œ0.00,,œ0.00,,,,œ0.00,,œ0.00,,œ0.00,,,,,,,,
450,9,,,,,,,,,,,,,œ0.00,,,œ0.00,,œ0.00,œ0.00,œ0.00,œ0.00,œ0.00,œ0.00,œ0.00,œ0.00,œ0.00,œ0.00,œ0.00,œ0.00,œ0.00,œ0.00,œ0.00,œ0.00,œ0.00,œ0.00,œ0.00,œ0.00,,œ0.00,,,,œ0.00,,œ0.00,,œ0.00,,,,,,,,
475,10,,,,,,,,,,,,,œ0.00,,,œ0.00,,œ0.00,œ0.00,œ0.00,œ0.00,œ0.00,œ0.00,œ0.00,œ0.00,œ0.00,œ0.00,œ0.00,œ0.00,œ0.00,œ0.00,œ0.00,œ0.00,œ0.00,œ0.00,œ0.00,œ0.00,,œ0.00,,,,œ0.00,,œ0.00,,œ0.00,,,,,,,,
500,11,,,,,,,,,,,,,œ0.00,,,œ0.00,,œ0.00,œ0.00,œ0.00,œ0.00,œ0.00,œ0.00,œ0.00,œ0.00,œ0.00,œ0.00,œ0.00,œ0.00,œ0.00,œ0.00,œ0.00,œ0.00,œ0.00,œ0.00,œ0.00,œ0.00,,œ0.00,,,,œ0.00,,œ0.00,,œ0.00,,,,,,,,
525,12,,,,,,,,,,,,,œ0.00,,,œ0.00,,œ0.00,œ0.00,œ0.00,œ0.00,œ0.00,œ0.00,œ0.00,œ0.00,œ0.00,œ0.00,œ0.00,œ739.66,œ0.00,œ793.52,œ0.00,œ0.00,œ0.00,œ0.00,œ0.00,œ0.00,,œ0.00,,,,œ0.00,,œ0.00,,œ0.00,,,œ0.00,,,,,
,,,,,,,,,,,,,,,,,,,,,,,,,,,,,,,,,,,,,,,,,,,,,,,,,,,,,,,,
,DIGITAL - 505um CHROMOCARD GLUED,,,,,,,,,,,,,,,,,,,73090,,,,,,,,,,,,,,,,,,,,,,,,,,,,,,,,,,,,
C/C DIE,Number up,1,5,10,15,20,25,40,50,75,100,150,200, 250 , 300 , 400 , 500 , 600 , 750 ," 1,000 "," 1,500 "," 2,000 "," 2,500 "," 3,000 "," 3,500 "," 4,000 "," 4,500 "," 5,000 ",5500,6000,6500,7000,7500,8000,8500,9000,9500,10000,12000,12500,13000,13500,14000,15000,17000,17500,18000,20000,25000,30000,35000,40000,,,,
250,1,œ487.14,œ555.67,œ556.23,œ557.30,œ557.87,œ558.94,œ0.00,œ564.66,œ569.37,œ574.42,,œ611.87,œ632.80,,œ694.06,œ732.20,,œ840.00,œ945.00,"œ1,164.80","œ1,380.40","œ1,597.40","œ1,813.00","œ2,031.40","œ2,247.00","œ2,465.40","œ2,681.00",œ0.00,"œ3,132.85",œ0.00,"œ3,567.82",œ0.00,"œ3,984.48",œ0.00,"œ4,441.26",œ0.00,"œ4,878.06","œ6,385.13",œ0.00,,,,œ0.00,,œ0.00,,œ0.00,"œ11,567.86",,,,,,,
275,2,,,,,,,,,,,,œ559.72,œ588.00,,œ607.29,œ625.80,œ651.06,œ680.40,œ733.60,,œ954.80,"œ1,068.20","œ1,180.20","œ1,295.00","œ1,405.60","œ1,520.40","œ1,631.00",œ0.00,œ0.00,œ0.00,œ0.00,œ0.00,œ0.00,œ0.00,œ0.00,œ0.00,"œ2,775.86",,œ0.00,,"œ3,571.02",,"œ3,978.72",,"œ4,547.38",,"œ5,115.85",,"œ7,452.10",,"œ9,723.03",,,,
300,3,,,,,,,,,,,,,œ596.40,,,œ614.60,,œ642.60,œ677.60,œ754.60,œ827.40,œ903.00,œ981.40,"œ1,061.20","œ1,139.60","œ1,218.00","œ1,293.60",œ0.00,œ0.00,œ0.00,œ0.00,œ0.00,œ0.00,œ0.00,œ0.00,œ0.00,œ0.00,"œ2,415.84",œ0.00,,,,œ0.00,,œ0.00,"œ3,277.22",œ0.00,,,,,,,,
325,4,,,,,œ595.74,,,œ598.67,,,,,œ610.40,œ614.49,,œ625.80,,œ641.20,œ662.20,œ721.00,œ779.80,œ834.40,œ893.20,œ954.80,"œ1,016.40","œ1,078.00","œ1,136.80",œ0.00,œ0.00,œ0.00,œ0.00,œ0.00,"œ1,517.15",œ0.00,œ0.00,œ0.00,œ0.00,,œ0.00,,,,œ0.00,,œ0.00,,œ0.00,,,,,,,,
350,5,,,,,,,,,,,,œ624.41,œ627.20,,,œ639.80,,œ653.80,œ666.40,œ709.80,œ756.00,œ805.00,œ854.00,œ901.60,œ950.60,œ999.60,"œ1,051.40",œ0.00,œ0.00,œ0.00,œ0.00,œ0.00,œ0.00,œ0.00,œ0.00,œ0.00,œ0.00,,œ0.00,,,,œ0.00,,œ0.00,,œ0.00,,,,,,,,
375,6,œ565.45,œ633.00,œ633.11,œ633.23,œ633.85,œ633.92,œ634.19,œ635.82,,,,œ641.31,œ645.40,,,œ656.60,œ662.86,œ669.20,œ680.40,œ708.40,œ749.00,œ789.60,œ830.20,œ875.00,œ915.60,œ957.60,œ999.60,œ0.00,œ0.00,œ0.00,"œ1,178.72",œ0.00,œ0.00,"œ1,360.57",œ0.00,œ0.00,"œ1,443.20",,"œ1,527.30",,,,"œ1,908.60",,œ0.00,,"œ2,415.85",,,,,,,,
400,7,,,,,,,,,,,,,œ663.60,,,œ673.40,,œ686.00,œ695.80,œ718.20,œ750.40,œ786.80,œ823.20,œ861.00,œ897.40,œ935.20,œ971.60,œ0.00,œ0.00,œ0.00,œ0.00,œ0.00,œ0.00,œ0.00,œ0.00,œ0.00,œ0.00,,œ0.00,,,,œ0.00,,œ0.00,,œ0.00,,,,,,,,
425,8,,,,,,,,,,,,,œ683.20,,,œ691.60,,œ702.80,œ711.20,œ733.60,œ754.60,œ788.20,œ820.40,œ856.80,œ889.00,œ921.20,œ956.20,œ0.00,œ0.00,œ0.00,œ0.00,œ0.00,œ0.00,œ0.00,œ0.00,œ0.00,"œ1,308.15",,œ0.00,,,,œ0.00,,œ0.00,,œ0.00,,,,,,,,
450,9,,,,,,,,,,,,,œ0.00,,,œ0.00,,œ0.00,œ0.00,œ0.00,œ0.00,œ0.00,œ0.00,œ0.00,œ0.00,œ0.00,œ0.00,œ0.00,œ0.00,œ0.00,œ0.00,œ0.00,œ0.00,œ0.00,œ0.00,œ0.00,œ0.00,,œ0.00,,,,œ0.00,,œ0.00,,œ0.00,,,,,,,,
475,10,,,,,,,,,,,,,œ0.00,,,œ0.00,,œ0.00,œ0.00,œ0.00,œ0.00,œ0.00,œ0.00,œ0.00,œ0.00,œ0.00,œ0.00,œ0.00,œ0.00,œ0.00,œ0.00,œ0.00,œ0.00,œ0.00,œ0.00,œ0.00,œ0.00,,œ0.00,,,,œ0.00,,œ0.00,,œ0.00,,,,,,,,
500,11,,,,,,,,,,,,,œ0.00,,,œ0.00,,œ0.00,œ0.00,œ0.00,œ0.00,œ0.00,œ0.00,œ0.00,œ0.00,œ0.00,œ0.00,œ0.00,œ0.00,œ0.00,œ0.00,œ0.00,œ0.00,œ0.00,œ0.00,œ0.00,œ0.00,,œ0.00,,,,œ0.00,,œ0.00,,œ0.00,,,,,,,,
525,12,,,,,,,,,,,,,œ0.00,,,œ0.00,,œ0.00,œ0.00,œ0.00,œ0.00,œ0.00,œ0.00,œ0.00,œ0.00,œ0.00,œ0.00,œ0.00,œ0.00,œ0.00,œ0.00,œ0.00,œ0.00,œ0.00,œ0.00,œ0.00,œ0.00,,œ0.00,,,,œ0.00,,œ0.00,,œ0.00,,,,,,,,
,,,,,,,,,,,,,,,,,,,,,,,,,,,,,,,,,,,,,,,,,,,,,,,,,,,,,,,,
,DIGITAL - 505um CHROMOCARD UNGLUED,,,,,,,,,,,,,,,,,,,73091,,,,,,,,,,,,,,,,,,,,,,,,,,,,,,,,,,,,
C/C DIE,Number up,1,5,10,15,20,25,40,50,75,100,,200, 250 , 300 , 400 , 500 , 600 , 750 ," 1,000 "," 1,500 "," 2,000 "," 2,500 "," 3,000 "," 3,500 "," 4,000 "," 4,500 "," 5,000 ",5500,6000,6500,7000,7500,8000,8500,9000,9500,10000,12000,12500,13000,13500,,15000,,17500,,20000,,,,,,,,
250,1,œ319.84,œ317.86,œ388.92,œ389.84,œ390.91,œ391.69,œ394.41,œ396.63,œ401.04,œ405.87,,œ424.10,œ434.00,œ451.23,œ491.37,œ529.20,,œ628.60,œ732.20,œ942.20,"œ1,153.60","œ1,363.60","œ1,575.00","œ1,785.00","œ1,996.40","œ2,206.40","œ2,417.80",œ0.00,œ0.00,œ0.00,œ0.00,œ0.00,œ0.00,œ0.00,œ0.00,œ0.00,"œ4,521.41",,œ0.00,,,,œ0.00,,œ0.00,,œ0.00,,,,,,,,
275,2,,,,,,,,,,œ0.00,,,œ431.20,œ0.00,,œ455.00,,œ502.60,œ553.00,œ655.20,œ760.20,œ868.00,œ974.40,"œ1,083.60","œ1,188.60","œ1,295.00","œ1,404.20",œ0.00,œ0.00,œ0.00,œ0.00,œ0.00,œ0.00,œ0.00,œ0.00,œ0.00,"œ2,506.38",,œ0.00,,"œ3,571.02",,œ0.00,,œ0.00,,œ0.00,,,,,,,,
300,3,,,,,,,,,,œ0.00,,œ0.00,œ443.80,œ0.00,œ0.00,œ460.60,,œ477.40,œ509.60,œ576.80,œ645.40,œ716.80,œ788.20,œ861.00,œ933.80,"œ1,006.60","œ1,079.40",œ0.00,œ0.00,œ0.00,œ0.00,œ0.00,œ0.00,œ0.00,œ0.00,#VALUE!,"œ1,827.00",,œ0.00,,,,œ0.00,,œ0.00,,"œ3,326.90",,"œ4,825.27",,,,,,
325,4,,,,,,,,,,œ0.00,,œ0.00,œ460.60,œ463.93,œ0.00,œ473.20,,œ487.20,œ499.80,œ548.80,œ602.00,œ653.80,œ707.00,œ764.40,œ816.20,œ873.60,œ928.20,œ0.00,œ0.00,œ0.00,œ0.00,œ0.00,œ0.00,œ0.00,œ0.00,œ0.00,œ0.00,,œ0.00,,,,œ0.00,,œ0.00,,œ0.00,,,,,,,,
350,5,,,,,,,,,,œ0.00,,œ0.00,œ478.80,œ0.00,œ0.00,œ490.00,,œ501.20,œ511.00,œ541.80,œ583.80,œ625.80,œ669.20,œ711.20,œ754.60,œ798.00,œ845.60,œ0.00,œ0.00,œ0.00,œ0.00,œ0.00,œ0.00,œ0.00,œ0.00,œ0.00,œ0.00,,œ0.00,,,,œ0.00,,œ0.00,,œ0.00,,,,,,,,
375,6,,,,,,,,,,œ0.00,,œ0.00,œ497.00,œ0.00,œ0.00,œ506.80,,œ516.60,œ526.40,œ544.60,œ578.20,œ614.60,œ649.60,œ686.00,œ721.00,œ760.20,œ796.60,œ0.00,œ0.00,œ0.00,œ0.00,œ0.00,œ0.00,œ0.00,œ0.00,œ0.00,œ0.00,,œ0.00,,,,œ0.00,,œ0.00,,œ0.00,,,,,,,,
400,7,,,,,,,,,,œ0.00,,œ0.00,œ516.60,œ0.00,œ0.00,œ525.00,,œ533.40,œ541.80,œ558.60,œ579.60,œ611.80,œ642.60,œ674.80,œ705.60,œ737.80,œ770.00,œ0.00,œ0.00,œ0.00,œ0.00,œ0.00,œ0.00,œ0.00,œ0.00,œ0.00,œ0.00,,œ0.00,,,,œ0.00,,œ0.00,,œ0.00,,,,,,,,
425,8,,,,,,,,,,œ0.00,,œ0.00,œ536.20,œ0.00,œ0.00,œ543.20,,œ551.60,œ558.60,œ574.00,œ589.40,œ614.60,œ641.20,œ670.60,œ698.60,œ728.00,œ756.00,œ0.00,œ0.00,œ0.00,œ0.00,œ0.00,œ0.00,œ0.00,œ0.00,œ0.00,œ0.00,,œ0.00,,,,œ0.00,,œ0.00,,œ0.00,,,,,,,,
450,9,,,,,,,,,,œ0.00,,œ0.00,œ0.00,œ0.00,œ0.00,œ0.00,,œ0.00,œ0.00,œ0.00,œ0.00,œ0.00,œ0.00,œ0.00,œ0.00,œ0.00,œ0.00,œ0.00,œ0.00,œ0.00,œ0.00,œ0.00,œ0.00,œ0.00,œ0.00,œ0.00,œ0.00,,œ0.00,,,,œ0.00,,œ0.00,,œ0.00,,,,,,,,
475,10,,,,,,,,,,œ0.00,,œ0.00,œ0.00,œ0.00,œ0.00,œ0.00,,œ0.00,œ0.00,œ0.00,œ0.00,œ0.00,œ0.00,œ0.00,œ0.00,œ0.00,œ0.00,œ0.00,œ0.00,œ0.00,œ0.00,œ0.00,œ0.00,œ0.00,œ0.00,œ0.00,œ0.00,,œ0.00,,,,œ0.00,,œ0.00,,œ0.00,,,,,,,,
500,11,,,,,,,,,,œ0.00,,œ0.00,œ0.00,œ0.00,œ0.00,œ0.00,,œ0.00,œ0.00,œ0.00,œ0.00,œ0.00,œ0.00,œ0.00,œ0.00,œ0.00,œ0.00,œ0.00,œ0.00,œ0.00,œ0.00,œ0.00,œ0.00,œ0.00,œ0.00,œ0.00,œ0.00,,œ0.00,,,,œ0.00,,œ0.00,,œ0.00,,,,,,,,
525,12,,,,,,,,,,œ0.00,,œ0.00,œ0.00,œ0.00,œ0.00,œ0.00,,œ0.00,œ,œ0.00,œ590.11,œ0.00,œ0.00,œ0.00,œ0.00,œ0.00,œ642.60,œ0.00,œ0.00,œ0.00,œ0.00,œ0.00,œ0.00,œ0.00,œ0.00,œ0.00,"œ1,052.63",,œ0.00,,,,œ0.00,,œ0.00,,œ0.00,,,,,,,,
,,,,,,,,,,,,,,,,,,,,,,,,,,,,,,,,,,,,,,,,,,,,,,,,,,,,,,,,
,,,,,,,,,,,,,,,,,,,,,,,,,,,,,,,,,,,,,,,,,,,,,,,,,,,,,,,,
,,,,,,,,,,,,,,,,,,,,,,,,,,,,,,,,,,,,,,,,,,,,,,,,,,,,,,,,
,,,,,,,,,,,,,,,,,,,,,,,,,,,,,,,,,,,,,,,,,,,,,,,,,,,,,,,,
,,,,,,,,,,,,,,,,,,,,,,,,,,,,,,,,,,,,,,,,,,,,,,,,,,,,,,,,
,,,,,,,,,,,,,,,,,,,,,,,,,,,,,,,,,,,,,,,,,,,,,,,,,,,,,,,,
,,,,,,,,,,,,,,,,,,,,,,,,,,,,,,,,,,,,,,,,,,,,,,,,,,,,,,,,
,,,,,,,,,,,,,,,,,,,,,,,,,,,,,,,,,,,,,,,,,,,,,,,,,,,,,,,,
,,,,,,,,,,,,,,,,,,,,,,,,,,,,,,,,,,,,,,,,,,,,,,,,,,,,,,,,
,,,,,,,,,,,,,,,,,,,,,,,,,,,,,,,,,,,,,,,,,,,,,,,,,,,,,,,,
,,,,,,,,,,,,,,,,,,,,,,,,,,,,,,,,,,,,,,,,,,,,,,,,,,,,,,,,
,,,,,,,,,,,,,,,,,,,,,,,,,,,,,,,,,,,,,,,,,,,,,,,,,,,,,,,,
,,,,,,,,,,,,,,,,,,,,,,,,,,,,,,,,,,,,,,,,,,,,,,,,,,,,,,,,
,,,,,,,,,,,,,,,,,,,,,,,,,,,,,,,,,,,,,,,,,,,,,,,,,,,,,,,,
,,,,,,,,,,,,,,,,,,,,,,,,,,,,,,,,,,,,,,,,,,,,,,,,,,,,,,,,
,,,,,,,,,,,,,,,,,,,,,,,,,,,,,,,,,,,,,,,,,,,,,,,,,,,,,,,,
,,,,,,,,,,,,,,,,,,,,,,,,,,,,,,,,,,,,,,,,,,,,,,,,,,,,,,,,
,,,,,,,,,,,,,,,,,,,,,,,,,,,,,,,,,,,,,,,,,,,,,,,,,,,,,,,,
,,,,,,,,,,,,,,,,,,,,,,,,,,,,,,,,,,,,,,,,,,,,,,,,,,,,,,,,
,,,,,,,,,,,,,,,,,,,,,,,,,,,,,,,,,,,,,,,,,,,,,,,,,,,,,,,,
,,,,,,,,,,,,,,,,,,,,,,,,,,,,,,,,,,,,,,,,,,,,,,,,,,,,,,,,
,,,,,,,,,,,,,,,,,,,,,,,,,,,,,,,,,,,,,,,,,,,,,,,,,,,,,,,,
,,,,,,,,,,,,,,,,,,,,,,,,,,,,,,,,,,,,,,,,,,,,,,,,,,,,,,,,
,,,,,,,,,,,,,,,,,,,,,,,,,,,,,,,,,,,,,,,,,,,,,,,,,,,,,,,,
,,,,,,,,,,,,,,,,,,,,,,,,,,,,,,,,,,,,,,,,,,,,,,,,,,,,,,,,
,,,,,,,,,,,,,,,,,,,,,,,,,,,,,,,,,,,,,,,,,,,,,,,,,,,,,,,,
,,,,,,,,,,,,,,,,,,,,,,,,,,,,,,,,,,,,,,,,,,,,,,,,,,,,,,,,
,,,,,,,,,,,,,,,,,,,,,,,,,,,,,,,,,,,,,,,,,,,,,,,,,,,,,,,,
,,,,,,,,,,,,,,,,,,,,,,,,,,,,,,,,,,,,,,,,,,,,,,,,,,,,,,,,
,,,,,,,,,,,,,,,,,,,,,,,,,,,,,,,,,,,,,,,,,,,,,,,,,,,,,,,,
,,,,,,,,,,,,,,,,,,,,,,,,,,,,,,,,,,,,,,,,,,,,,,,,,,,,,,,,
,,,,,,,,,,,,,,,,,,,,,,,,,,,,,,,,,,,,,,,,,,,,,,,,,,,,,,,,
,,,,,,,,,,,,,,,,,,,,,,,,,,,,,,,,,,,,,,,,,,,,,,,,,,,,,,,,
,,,,,,,,,,,,,,,,,,,,,,,,,,,,,,,,,,,,,,,,,,,,,,,,,,,,,,,,
,,,,,,,,,,,,,,,,,,,,,,,,,,,,,,,,,,,,,,,,,,,,,,,,,,,,,,,,
,,,,,,,,,,,,,,,,,,,,,,,,,,,,,,,,,,,,,,,,,,,,,,,,,,,,,,,,
,,,,,,,,,,,,,,,,,,,,,,,,,,,,,,,,,,,,,,,,,,,,,,,,,,,,,,,,
